{"stats":{"minecraft:dropped":{"minecraft:cobweb":3,"minecraft:prismarine_shard":7,"minecraft:firework_rocket":11},"minecraft:picked_up":{"minecraft:cobweb":3,"minecraft:firework_rocket":12,"minecraft:prismarine_shard":7,"minecraft:blaze_rod":3},"minecraft:custom":{"minecraft:jump":1133,"minecraft:time_since_rest":32107,"minecraft:leave_game":1,"minecraft:damage_dealt":414,"minecraft:crouch_one_cm":1597,"minecraft:sprint_one_cm":196727,"minecraft:play_time":32107,"minecraft:damage_taken":547,"minecraft:time_since_death":32107,"minecraft:walk_one_cm":20117,"minecraft:sneak_time":3534,"minecraft:total_world_time":32107,"minecraft:drop":21,"minecraft:fall_one_cm":113524,"minecraft:fly_one_cm":395938}},"DataVersion":3120}