{"stats":{"minecraft:picked_up":{"minecraft:cobweb":15,"minecraft:firework_rocket":18,"minecraft:prismarine_shard":18,"minecraft:blaze_rod":12},"minecraft:custom":{"minecraft:jump":2614,"minecraft:time_since_rest":74713,"minecraft:damage_taken":3749,"minecraft:damage_dealt":4814,"minecraft:crouch_one_cm":1776,"minecraft:leave_game":4,"minecraft:sprint_one_cm":391218,"minecraft:play_time":74713,"minecraft:time_since_death":74713,"minecraft:walk_one_cm":139904,"minecraft:sneak_time":1909,"minecraft:total_world_time":74713,"minecraft:drop":31,"minecraft:fall_one_cm":252920,"minecraft:fly_one_cm":773226},"minecraft:dropped":{"minecraft:cobweb":8,"minecraft:prismarine_shard":9,"minecraft:firework_rocket":14}},"DataVersion":3120}