{"stats":{"minecraft:dropped":{"minecraft:cobweb":2,"minecraft:prismarine_shard":1,"minecraft:firework_rocket":1},"minecraft:picked_up":{"minecraft:cobweb":2,"minecraft:firework_rocket":1,"minecraft:prismarine_shard":1,"minecraft:blaze_rod":3},"minecraft:custom":{"minecraft:jump":525,"minecraft:time_since_rest":16650,"minecraft:leave_game":1,"minecraft:damage_dealt":252,"minecraft:crouch_one_cm":1004,"minecraft:damage_taken":385,"minecraft:sprint_one_cm":72344,"minecraft:play_time":16650,"minecraft:time_since_death":16650,"minecraft:walk_one_cm":21786,"minecraft:sneak_time":698,"minecraft:total_world_time":16650,"minecraft:drop":4,"minecraft:fall_one_cm":41537,"minecraft:fly_one_cm":161891}},"DataVersion":3120}