{"stats":{"minecraft:dropped":{"minecraft:cobweb":1},"minecraft:picked_up":{"minecraft:cobweb":4,"minecraft:firework_rocket":1,"minecraft:prismarine_shard":1,"minecraft:blaze_rod":6},"minecraft:custom":{"minecraft:jump":433,"minecraft:time_since_rest":392374,"minecraft:damage_dealt":1060,"minecraft:damage_taken":12291,"minecraft:crouch_one_cm":342,"minecraft:leave_game":14,"minecraft:play_time":392374,"minecraft:sprint_one_cm":29930,"minecraft:time_since_death":392374,"minecraft:walk_one_cm":19063,"minecraft:sneak_time":32,"minecraft:total_world_time":392374,"minecraft:fall_one_cm":228699,"minecraft:drop":1,"minecraft:fly_one_cm":106913}},"DataVersion":3120}