{"stats":{"minecraft:custom":{"minecraft:jump":1553,"minecraft:time_since_rest":140225,"minecraft:damage_taken":1525,"minecraft:damage_dealt":1028,"minecraft:crouch_one_cm":46,"minecraft:leave_game":10,"minecraft:sprint_one_cm":254745,"minecraft:play_time":140225,"minecraft:time_since_death":140225,"minecraft:walk_one_cm":106726,"minecraft:sneak_time":94,"minecraft:total_world_time":140225,"minecraft:drop":42,"minecraft:fall_one_cm":206446,"minecraft:fly_one_cm":526008},"minecraft:picked_up":{"minecraft:cobweb":15,"minecraft:firework_rocket":31,"minecraft:prismarine_shard":19},"minecraft:dropped":{"minecraft:cobweb":12,"minecraft:prismarine_shard":14,"minecraft:firework_rocket":24}},"DataVersion":2865}