{"stats":{"minecraft:picked_up":{"minecraft:blaze_rod":1},"minecraft:custom":{"minecraft:jump":909,"minecraft:time_since_rest":24220,"minecraft:damage_dealt":682,"minecraft:crouch_one_cm":277,"minecraft:leave_game":1,"minecraft:sprint_one_cm":140362,"minecraft:play_time":24220,"minecraft:damage_taken":833,"minecraft:time_since_death":24220,"minecraft:walk_one_cm":17863,"minecraft:sneak_time":168,"minecraft:total_world_time":24220,"minecraft:fall_one_cm":71961,"minecraft:fly_one_cm":284820}},"DataVersion":3120}