{"stats":{"minecraft:picked_up":{"minecraft:cobweb":1,"minecraft:firework_rocket":1,"minecraft:prismarine_shard":2,"minecraft:blaze_rod":1},"minecraft:dropped":{"minecraft:cobweb":1,"minecraft:prismarine_shard":2},"minecraft:custom":{"minecraft:jump":247,"minecraft:time_since_rest":15571,"minecraft:damage_taken":417,"minecraft:damage_dealt":319,"minecraft:play_time":15571,"minecraft:leave_game":7,"minecraft:sprint_one_cm":49936,"minecraft:time_since_death":15571,"minecraft:walk_one_cm":20223,"minecraft:total_world_time":15571,"minecraft:drop":3,"minecraft:fall_one_cm":34283,"minecraft:fly_one_cm":84296}},"DataVersion":3120}