{"stats":{"minecraft:picked_up":{"minecraft:firework_rocket":6,"minecraft:prismarine_shard":3,"minecraft:cobweb":3,"minecraft:green_wool":1,"minecraft:blaze_rod":12,"minecraft:green_carpet":1},"minecraft:custom":{"minecraft:time_since_rest":47603,"minecraft:crouch_one_cm":1553,"minecraft:play_time":47603,"minecraft:sprint_one_cm":182604,"minecraft:damage_taken":3063,"minecraft:walk_one_cm":88350,"minecraft:sneak_time":1205,"minecraft:drop":21,"minecraft:jump":1354,"minecraft:damage_dealt":2831,"minecraft:leave_game":4,"minecraft:time_since_death":47603,"minecraft:total_world_time":47603,"minecraft:fall_one_cm":147975,"minecraft:fly_one_cm":340902},"minecraft:dropped":{"minecraft:cobweb":3,"minecraft:blaze_rod":9,"minecraft:prismarine_shard":3,"minecraft:firework_rocket":6},"minecraft:mined":{"minecraft:green_carpet":1,"minecraft:green_wool":1}},"DataVersion":3120}