{"stats":{"minecraft:picked_up":{"minecraft:cobweb":24,"minecraft:firework_rocket":29,"minecraft:prismarine_shard":23,"minecraft:blaze_rod":26},"minecraft:custom":{"minecraft:jump":5175,"minecraft:time_since_rest":166589,"minecraft:damage_taken":5507,"minecraft:damage_dealt":3271,"minecraft:crouch_one_cm":7944,"minecraft:leave_game":6,"minecraft:sprint_one_cm":891657,"minecraft:play_time":166589,"minecraft:time_since_death":166589,"minecraft:walk_one_cm":216246,"minecraft:sneak_time":1681,"minecraft:total_world_time":166589,"minecraft:drop":73,"minecraft:fall_one_cm":596889,"minecraft:fly_one_cm":1697804},"minecraft:dropped":{"minecraft:blaze_rod":1,"minecraft:cobweb":22,"minecraft:prismarine_shard":23,"minecraft:firework_rocket":27}},"DataVersion":3120}