{"stats":{"minecraft:picked_up":{"minecraft:firework_rocket":11,"minecraft:prismarine_shard":6,"minecraft:cobweb":6,"minecraft:crimson_button":2,"minecraft:blaze_rod":5},"minecraft:custom":{"minecraft:time_since_rest":84378,"minecraft:crouch_one_cm":2227,"minecraft:play_time":84378,"minecraft:sprint_one_cm":288843,"minecraft:damage_taken":2230,"minecraft:walk_one_cm":80163,"minecraft:sneak_time":2145,"minecraft:drop":22,"minecraft:jump":1818,"minecraft:damage_dealt":890,"minecraft:leave_game":5,"minecraft:time_since_death":84378,"minecraft:total_world_time":84378,"minecraft:fall_one_cm":226886,"minecraft:tune_noteblock":1,"minecraft:fly_one_cm":1049668},"minecraft:used":{"minecraft:lever":1,"minecraft:lime_wool":1},"minecraft:dropped":{"minecraft:cobweb":4,"minecraft:lever":1,"minecraft:lime_wool":1,"minecraft:prismarine_shard":4,"minecraft:crimson_button":2,"minecraft:firework_rocket":10}},"DataVersion":3120}