{"stats":{"minecraft:dropped":{"minecraft:cobweb":2,"minecraft:prismarine_shard":2,"minecraft:firework_rocket":6},"minecraft:picked_up":{"minecraft:cobweb":2,"minecraft:firework_rocket":6,"minecraft:prismarine_shard":3,"minecraft:blaze_rod":5},"minecraft:custom":{"minecraft:jump":1862,"minecraft:time_since_rest":47671,"minecraft:leave_game":1,"minecraft:damage_dealt":1822,"minecraft:crouch_one_cm":386,"minecraft:sprint_one_cm":275080,"minecraft:play_time":47671,"minecraft:damage_taken":2931,"minecraft:time_since_death":47671,"minecraft:walk_one_cm":63208,"minecraft:sneak_time":126,"minecraft:total_world_time":47671,"minecraft:drop":10,"minecraft:fall_one_cm":132093,"minecraft:fly_one_cm":583607}},"DataVersion":3120}