{"stats":{"minecraft:custom":{"minecraft:jump":2532,"minecraft:time_since_rest":86559,"minecraft:damage_taken":8454,"minecraft:damage_dealt":2914,"minecraft:crouch_one_cm":267,"minecraft:leave_game":2,"minecraft:sprint_one_cm":428857,"minecraft:play_time":86559,"minecraft:time_since_death":86559,"minecraft:walk_one_cm":96096,"minecraft:sneak_time":135,"minecraft:total_world_time":86559,"minecraft:drop":31,"minecraft:fall_one_cm":242856,"minecraft:fly_one_cm":768548,"minecraft:player_kills":1},"minecraft:picked_up":{"minecraft:cobweb":6,"minecraft:firework_rocket":17,"minecraft:prismarine_shard":10},"minecraft:dropped":{"minecraft:cobweb":6,"minecraft:prismarine_shard":9,"minecraft:firework_rocket":16}},"DataVersion":2865}