{"stats":{"minecraft:picked_up":{"minecraft:cobweb":12,"minecraft:firework_rocket":14,"minecraft:prismarine_shard":12},"minecraft:custom":{"minecraft:jump":1446,"minecraft:time_since_rest":34850,"minecraft:leave_game":1,"minecraft:crouch_one_cm":146,"minecraft:damage_dealt":1440,"minecraft:sprint_one_cm":240549,"minecraft:play_time":34850,"minecraft:damage_taken":1351,"minecraft:time_since_death":34850,"minecraft:walk_one_cm":29866,"minecraft:sneak_time":145,"minecraft:total_world_time":34850,"minecraft:drop":36,"minecraft:fall_one_cm":90433,"minecraft:fly_one_cm":442159},"minecraft:dropped":{"minecraft:cobweb":12,"minecraft:prismarine_shard":10,"minecraft:firework_rocket":14}},"DataVersion":2865}