{"stats":{"minecraft:dropped":{"minecraft:cobweb":5,"minecraft:firework_rocket":1},"minecraft:picked_up":{"minecraft:cobweb":5,"minecraft:firework_rocket":1},"minecraft:custom":{"minecraft:jump":430,"minecraft:time_since_rest":13809,"minecraft:damage_taken":411,"minecraft:damage_dealt":582,"minecraft:crouch_one_cm":161,"minecraft:leave_game":2,"minecraft:sprint_one_cm":66601,"minecraft:play_time":13809,"minecraft:time_since_death":13809,"minecraft:walk_one_cm":11464,"minecraft:sneak_time":207,"minecraft:total_world_time":13809,"minecraft:drop":4,"minecraft:fall_one_cm":52497,"minecraft:fly_one_cm":137225}},"DataVersion":3120}