{"stats":{"minecraft:dropped":{"minecraft:prismarine_shard":3,"minecraft:firework_rocket":8},"minecraft:picked_up":{"minecraft:firework_rocket":8,"minecraft:prismarine_shard":3,"minecraft:blaze_rod":5},"minecraft:custom":{"minecraft:jump":2017,"minecraft:time_since_rest":47856,"minecraft:leave_game":1,"minecraft:damage_dealt":3792,"minecraft:crouch_one_cm":2522,"minecraft:sprint_one_cm":288933,"minecraft:play_time":47856,"minecraft:damage_taken":2082,"minecraft:time_since_death":47856,"minecraft:walk_one_cm":77251,"minecraft:sneak_time":549,"minecraft:total_world_time":47856,"minecraft:drop":11,"minecraft:fall_one_cm":145722,"minecraft:fly_one_cm":582956}},"DataVersion":3120}