{"stats":{"minecraft:custom":{"minecraft:jump":1290,"minecraft:time_since_rest":82325,"minecraft:damage_dealt":921,"minecraft:damage_taken":2478,"minecraft:crouch_one_cm":654,"minecraft:leave_game":3,"minecraft:play_time":82325,"minecraft:sprint_one_cm":185248,"minecraft:time_since_death":82325,"minecraft:walk_one_cm":21849,"minecraft:sneak_time":748,"minecraft:total_world_time":82325,"minecraft:fly_one_cm":573916,"minecraft:fall_one_cm":130952,"minecraft:drop":16},"minecraft:dropped":{"minecraft:cobweb":6,"minecraft:prismarine_shard":5,"minecraft:firework_rocket":5},"minecraft:picked_up":{"minecraft:cobweb":6,"minecraft:firework_rocket":5,"minecraft:prismarine_shard":5}},"DataVersion":3120}