{"stats":{"minecraft:used":{"minecraft:water_bucket":2,"minecraft:light_blue_shulker_box":9,"minecraft:cobblestone_stairs":27,"minecraft:redstone":12,"minecraft:oak_sign":23,"minecraft:andesite_slab":31,"minecraft:blackstone":9,"minecraft:ender_pearl":1,"minecraft:sandstone":45,"minecraft:stone":46,"minecraft:black_shulker_box":2,"minecraft:redstone_block":9,"minecraft:cobblestone_slab":49,"minecraft:player_head":2,"minecraft:torch":50,"minecraft:sand":270,"minecraft:comparator":2,"minecraft:light_blue_concrete":19,"minecraft:tnt":6,"minecraft:yellow_concrete":1,"minecraft:acacia_leaves":4,"minecraft:warped_door":2,"minecraft:black_concrete_powder":9,"minecraft:warped_pressure_plate":2,"minecraft:blue_concrete":10,"minecraft:warped_planks":21,"minecraft:bat_spawn_egg":32,"minecraft:obsidian":1,"minecraft:redstone_torch":2,"minecraft:oak_log":9,"minecraft:sticky_piston":2,"minecraft:black_terracotta":4,"minecraft:lever":8,"minecraft:black_concrete":2,"minecraft:black_wool":14,"minecraft:light_gray_stained_glass":2,"minecraft:cyan_shulker_box":8,"minecraft:command_block":1,"minecraft:light_gray_concrete":8,"minecraft:grass_block":51,"minecraft:slime_block":6,"minecraft:stone_button":3,"minecraft:cobblestone":58,"minecraft:andesite_stairs":16,"minecraft:crimson_door":2,"minecraft:andesite":38,"minecraft:chain_command_block":16,"minecraft:grass_path":42,"minecraft:repeating_command_block":133,"minecraft:observer":104},"minecraft:picked_up":{"minecraft:wooden_axe":1,"minecraft:prismarine_shard":3619,"minecraft:andesite":2,"minecraft:oak_log":17434,"minecraft:cobblestone_stairs":10,"minecraft:dirt":33,"minecraft:blackstone":1,"minecraft:oak_sign":2,"minecraft:black_shulker_box":1,"minecraft:andesite_stairs":15,"minecraft:redstone_torch":14,"minecraft:cobblestone_slab":9,"minecraft:sandstone":16,"minecraft:chain_command_block":1,"minecraft:black_terracotta":1,"minecraft:torch":5172,"minecraft:gravel":86,"minecraft:sand":12953,"minecraft:stone_button":1,"minecraft:redstone":10,"minecraft:warped_door":1,"minecraft:yellow_banner":14,"minecraft:tnt":29470,"minecraft:light_gray_concrete":1,"minecraft:black_concrete_powder":1,"minecraft:black_concrete":1,"minecraft:lever":1,"minecraft:black_wool":1,"minecraft:andesite_slab":18,"minecraft:cobblestone":28},"minecraft:custom":{"minecraft:play_one_minute":444660,"minecraft:open_shulker_box":4,"minecraft:leave_game":19,"minecraft:time_since_death":444660,"minecraft:time_since_rest":444660,"minecraft:sprint_one_cm":538699,"minecraft:damage_taken":2702,"minecraft:walk_one_cm":181950,"minecraft:drop":781,"minecraft:damage_dealt":127,"minecraft:swim_one_cm":837,"minecraft:fly_one_cm":4237326,"minecraft:crouch_one_cm":12935,"minecraft:sneak_time":13908,"minecraft:walk_under_water_one_cm":11088,"minecraft:jump":5007,"minecraft:walk_on_water_one_cm":4142,"minecraft:fall_one_cm":71250},"minecraft:dropped":{"minecraft:blackstone":1,"minecraft:prismarine_shard":802,"minecraft:black_terracotta":1,"minecraft:black_concrete_powder":1,"minecraft:yellow_banner":36,"minecraft:black_shulker_box":1,"minecraft:black_concrete":1,"minecraft:black_wool":1}},"DataVersion":2567}