{"stats":{"minecraft:custom":{"minecraft:time_since_rest":55633,"minecraft:crouch_one_cm":808,"minecraft:play_time":55633,"minecraft:sprint_one_cm":271400,"minecraft:damage_taken":766,"minecraft:walk_one_cm":30002,"minecraft:sneak_time":894,"minecraft:drop":43,"minecraft:jump":2415,"minecraft:damage_dealt":597,"minecraft:leave_game":8,"minecraft:time_since_death":55633,"minecraft:total_world_time":55633,"minecraft:fly_one_cm":1279163,"minecraft:fall_one_cm":131738},"minecraft:dropped":{"minecraft:yellow_terracotta":7,"minecraft:yellow_banner":3,"minecraft:cobweb":11,"minecraft:sandstone":1,"minecraft:prismarine_shard":7,"minecraft:firework_rocket":19},"minecraft:used":{"minecraft:sandstone":5},"minecraft:picked_up":{"minecraft:firework_rocket":20,"minecraft:prismarine_shard":8,"minecraft:cobweb":11,"minecraft:blaze_rod":4}},"DataVersion":3120}