{"stats":{"minecraft:dropped":{"minecraft:cobweb":7,"minecraft:prismarine_shard":6,"minecraft:firework_rocket":2},"minecraft:custom":{"minecraft:jump":1595,"minecraft:time_since_rest":41007,"minecraft:damage_dealt":986,"minecraft:crouch_one_cm":750,"minecraft:leave_game":2,"minecraft:sprint_one_cm":204258,"minecraft:play_time":41007,"minecraft:damage_taken":2451,"minecraft:time_since_death":41007,"minecraft:walk_one_cm":77324,"minecraft:sneak_time":253,"minecraft:total_world_time":41007,"minecraft:drop":13,"minecraft:fall_one_cm":116893,"minecraft:fly_one_cm":508733},"minecraft:picked_up":{"minecraft:firework_rocket":2,"minecraft:cobweb":8,"minecraft:prismarine_shard":6}},"DataVersion":2865}