{"stats":{"minecraft:custom":{"minecraft:jump":864,"minecraft:time_since_rest":27228,"minecraft:crouch_one_cm":175,"minecraft:damage_taken":1090,"minecraft:damage_dealt":856,"minecraft:play_time":27228,"minecraft:leave_game":2,"minecraft:sprint_one_cm":153938,"minecraft:time_since_death":27228,"minecraft:walk_one_cm":43432,"minecraft:sneak_time":41,"minecraft:total_world_time":27228,"minecraft:drop":35,"minecraft:fall_one_cm":72640,"minecraft:fly_one_cm":268074},"minecraft:picked_up":{"minecraft:cobweb":15,"minecraft:firework_rocket":13,"minecraft:prismarine_shard":11},"minecraft:dropped":{"minecraft:cobweb":13,"minecraft:prismarine_shard":11,"minecraft:firework_rocket":11}},"DataVersion":2865}