{"stats":{"minecraft:dropped":{"minecraft:blaze_rod":1,"minecraft:cobweb":3,"minecraft:prismarine_shard":3},"minecraft:picked_up":{"minecraft:cobweb":3,"minecraft:prismarine_shard":3,"minecraft:blaze_rod":2},"minecraft:custom":{"minecraft:jump":407,"minecraft:time_since_rest":18907,"minecraft:damage_dealt":52,"minecraft:crouch_one_cm":72,"minecraft:leave_game":1,"minecraft:sprint_one_cm":77111,"minecraft:play_time":18907,"minecraft:damage_taken":325,"minecraft:time_since_death":18907,"minecraft:walk_one_cm":21913,"minecraft:sneak_time":48,"minecraft:total_world_time":18907,"minecraft:drop":7,"minecraft:fall_one_cm":50191,"minecraft:fly_one_cm":149543}},"DataVersion":3120}