{"stats":{"minecraft:custom":{"minecraft:jump":436,"minecraft:time_since_rest":12879,"minecraft:damage_dealt":568,"minecraft:crouch_one_cm":20,"minecraft:leave_game":7,"minecraft:sprint_one_cm":70399,"minecraft:play_time":12879,"minecraft:damage_taken":378,"minecraft:time_since_death":12879,"minecraft:walk_one_cm":16862,"minecraft:sneak_time":1,"minecraft:total_world_time":12879,"minecraft:drop":6,"minecraft:fall_one_cm":31099,"minecraft:fly_one_cm":125906},"minecraft:picked_up":{"minecraft:firework_rocket":2,"minecraft:cobweb":1,"minecraft:prismarine_shard":2},"minecraft:dropped":{"minecraft:yellow_terracotta":1,"minecraft:cobweb":1,"minecraft:prismarine_shard":2,"minecraft:firework_rocket":2}},"DataVersion":2865}