{"stats":{"minecraft:used":{"minecraft:redstone":9,"minecraft:sandstone":2},"minecraft:picked_up":{"minecraft:redstone":1},"minecraft:custom":{"minecraft:jump":76,"minecraft:time_since_rest":27065,"minecraft:play_one_minute":27065,"minecraft:crouch_one_cm":2119,"minecraft:leave_game":2,"minecraft:sprint_one_cm":16495,"minecraft:damage_taken":210,"minecraft:time_since_death":27065,"minecraft:walk_one_cm":20878,"minecraft:sneak_time":1751,"minecraft:fall_one_cm":2904,"minecraft:fly_one_cm":143477}},"DataVersion":2567}