{"stats":{"minecraft:picked_up":{"minecraft:cobweb":8,"minecraft:firework_rocket":10,"minecraft:prismarine_shard":4},"minecraft:custom":{"minecraft:jump":1002,"minecraft:time_since_rest":35653,"minecraft:leave_game":1,"minecraft:damage_dealt":1190,"minecraft:crouch_one_cm":1192,"minecraft:sprint_one_cm":172102,"minecraft:play_time":35653,"minecraft:damage_taken":1544,"minecraft:time_since_death":35653,"minecraft:walk_one_cm":31364,"minecraft:sneak_time":680,"minecraft:total_world_time":35653,"minecraft:drop":22,"minecraft:fall_one_cm":75365,"minecraft:fly_one_cm":287940},"minecraft:dropped":{"minecraft:cobweb":8,"minecraft:prismarine_shard":4,"minecraft:firework_rocket":10}},"DataVersion":2865}