{"stats":{"minecraft:dropped":{"minecraft:prismarine_shard":3},"minecraft:picked_up":{"minecraft:prismarine_shard":3,"minecraft:blaze_rod":1},"minecraft:custom":{"minecraft:jump":409,"minecraft:time_since_rest":15974,"minecraft:damage_dealt":331,"minecraft:crouch_one_cm":485,"minecraft:play_time":15974,"minecraft:leave_game":2,"minecraft:sprint_one_cm":72820,"minecraft:damage_taken":439,"minecraft:time_since_death":15974,"minecraft:walk_one_cm":23838,"minecraft:sneak_time":180,"minecraft:total_world_time":15974,"minecraft:drop":3,"minecraft:fall_one_cm":38963,"minecraft:fly_one_cm":126167}},"DataVersion":3120}