{"stats":{"minecraft:custom":{"minecraft:time_since_rest":79621,"minecraft:crouch_one_cm":1552,"minecraft:play_time":79621,"minecraft:sprint_one_cm":405059,"minecraft:damage_taken":3818,"minecraft:walk_one_cm":57678,"minecraft:sneak_time":658,"minecraft:drop":71,"minecraft:jump":2434,"minecraft:damage_dealt":3104,"minecraft:leave_game":5,"minecraft:time_since_death":79621,"minecraft:total_world_time":79621,"minecraft:fly_one_cm":910904,"minecraft:fall_one_cm":228978},"minecraft:used":{"minecraft:redstone_torch":4,"minecraft:andesite":1,"minecraft:redstone_block":2},"minecraft:picked_up":{"minecraft:firework_rocket":55,"minecraft:prismarine_shard":4,"minecraft:cobweb":23},"minecraft:dropped":{"minecraft:yellow_terracotta":1,"minecraft:cobweb":21,"minecraft:redstone_torch":1,"minecraft:redstone_block":1,"minecraft:prismarine_shard":4,"minecraft:firework_rocket":55}},"DataVersion":2865}