{"stats":{"minecraft:picked_up":{"minecraft:firework_rocket":12,"minecraft:white_carpet":11,"minecraft:lime_carpet":9,"minecraft:prismarine_shard":19,"minecraft:cobweb":17,"minecraft:blaze_rod":14},"minecraft:custom":{"minecraft:crouch_one_cm":17775,"minecraft:sprint_one_cm":651979,"minecraft:play_time":164912,"minecraft:damage_taken":3371,"minecraft:walk_one_cm":96351,"minecraft:sneak_time":11756,"minecraft:drop":235,"minecraft:jump":4524,"minecraft:damage_dealt":2289,"minecraft:leave_game":11,"minecraft:time_since_death":164912,"minecraft:total_world_time":164912,"minecraft:fall_one_cm":430254,"minecraft:fly_one_cm":1384828,"minecraft:time_since_rest":164912},"minecraft:dropped":{"minecraft:yellow_terracotta":171,"minecraft:yellow_banner":4,"minecraft:white_carpet":11,"minecraft:cobweb":15,"minecraft:blaze_rod":1,"minecraft:prismarine_shard":14,"minecraft:lime_carpet":9,"minecraft:firework_rocket":10}},"DataVersion":3120}