{"stats":{"minecraft:picked_up":{"minecraft:allium":5,"minecraft:redstone_block":2,"minecraft:prismarine_shard":1338,"minecraft:redstone_lamp":63,"minecraft:cornflower":9,"minecraft:moss_carpet":18,"minecraft:wooden_sword":2,"minecraft:white_carpet":332,"minecraft:magenta_wool":1,"minecraft:blue_orchid":11,"minecraft:oak_sign":40,"minecraft:redstone_torch":6,"minecraft:ender_eye":1,"minecraft:observer":64,"minecraft:wooden_shovel":2,"minecraft:poppy":16,"minecraft:iron_boots":1,"minecraft:sandstone":1,"minecraft:stone":1,"minecraft:torch":1,"minecraft:crimson_button":1,"minecraft:stone_button":13,"minecraft:warped_button":1,"minecraft:redstone":30,"minecraft:prismarine_crystals":2,"minecraft:lime_carpet":10,"minecraft:yellow_terracotta":2,"minecraft:blaze_rod":1755,"minecraft:cobblestone":1,"minecraft:oxeye_daisy":9,"minecraft:lilac":6,"minecraft:repeater":41,"minecraft:bat_spawn_egg":3,"minecraft:acacia_boat":1,"minecraft:lapis_lazuli":1,"minecraft:lantern":1,"minecraft:purple_carpet":77,"minecraft:wheat_seeds":9,"minecraft:cobweb":860,"minecraft:bamboo":1,"minecraft:warped_fungus":1,"minecraft:emerald_block":1,"minecraft:dandelion":9,"minecraft:sand":33,"minecraft:firework_rocket":3342,"minecraft:lever":1,"minecraft:light_blue_carpet":4,"minecraft:deepslate_coal_ore":3},"minecraft:killed_by":{"minecraft:player":1},"minecraft:broken":{"minecraft:wooden_sword":35},"minecraft:custom":{"minecraft:inspect_dropper":5,"minecraft:mob_kills":2,"minecraft:inspect_hopper":7,"minecraft:interact_with_crafting_table":4,"minecraft:leave_game":243,"minecraft:time_since_death":595114,"minecraft:sprint_one_cm":12916595,"minecraft:walk_one_cm":2947771,"minecraft:drop":7291,"minecraft:play_noteblock":85,"minecraft:play_time":7147384,"minecraft:deaths":7,"minecraft:sneak_time":89920,"minecraft:boat_one_cm":31375,"minecraft:jump":91109,"minecraft:total_world_time":6641735,"minecraft:tune_noteblock":2213,"minecraft:pot_flower":3,"minecraft:time_since_rest":595129,"minecraft:damage_taken":74202,"minecraft:damage_dealt":47229,"minecraft:fly_one_cm":42462421,"minecraft:player_kills":3,"minecraft:crouch_one_cm":74210,"minecraft:fall_one_cm":6356336},"minecraft:mined":{"minecraft:sea_lantern":1},"minecraft:dropped":{"minecraft:repeating_command_block":1,"minecraft:lapis_lazuli":1,"minecraft:yellow_concrete":6,"minecraft:prismarine_shard":3216,"minecraft:yellow_terracotta":10,"minecraft:cobblestone":8,"minecraft:copper_ingot":2,"minecraft:stick":1,"minecraft:gold_block":1,"minecraft:cobweb":907,"minecraft:ink_sac":1,"minecraft:lime_carpet":10,"minecraft:jungle_leaves":1,"minecraft:wooden_sword":6,"minecraft:deepslate_coal_ore":3,"minecraft:fishing_rod":1,"minecraft:redstone_block":5,"minecraft:note_block":1,"minecraft:blackstone":1,"minecraft:emerald_block":1,"minecraft:blaze_rod":1398,"minecraft:lime_wool":1,"minecraft:white_carpet":320,"minecraft:iron_boots":1,"minecraft:stone_slab":2,"minecraft:ender_eye":1,"minecraft:waxed_copper_block":1,"minecraft:bat_spawn_egg":1,"minecraft:light":1,"minecraft:stone":5,"minecraft:andesite":1,"minecraft:light_blue_carpet":4,"minecraft:oak_boat":1,"minecraft:wooden_shovel":2,"minecraft:yellow_banner":7,"minecraft:sandstone":3,"minecraft:oak_leaves":1,"minecraft:magenta_wool":1,"minecraft:purple_carpet":68,"minecraft:firework_rocket":3318},"minecraft:used":{"minecraft:moss_block":151,"minecraft:orange_dye":4,"minecraft:moss_carpet":212,"minecraft:jungle_leaves":183,"minecraft:polished_deepslate":257,"minecraft:chiseled_deepslate":93,"minecraft:smooth_quartz_slab":71,"minecraft:armor_stand":1,"minecraft:red_concrete":47,"minecraft:redstone":234,"minecraft:carrot_on_a_stick":146,"minecraft:oak_sign":35,"minecraft:axolotl_spawn_egg":2,"minecraft:tinted_glass":59,"minecraft:white_terracotta":40,"minecraft:brown_concrete":40,"minecraft:stone":314,"minecraft:quartz_stairs":11,"minecraft:mangrove_fence":4,"minecraft:grass":5,"minecraft:green_terracotta":2,"minecraft:cut_copper_stairs":3,"minecraft:torch":8,"minecraft:dirt":2,"minecraft:warped_wart_block":90,"minecraft:white_carpet":2,"minecraft:hopper":4,"minecraft:oak_wood":42,"minecraft:acacia_button":2,"minecraft:tuff":41,"minecraft:spruce_fence":1126,"minecraft:snowball":22,"minecraft:blue_concrete":11,"minecraft:mud_brick_stairs":29,"minecraft:milk_bucket":1,"minecraft:polished_deepslate_stairs":35,"minecraft:shroomlight":62,"minecraft:glass":20,"minecraft:brown_terracotta":53,"minecraft:crimson_button":8,"minecraft:packed_ice":10,"minecraft:honey_block":17,"minecraft:sea_lantern":75,"minecraft:cyan_terracotta":99,"minecraft:mangrove_stairs":15,"minecraft:quartz_slab":23,"minecraft:spruce_wood":27,"minecraft:red_wool":4,"minecraft:lantern":168,"minecraft:iron_block":63,"minecraft:grass_block":221,"minecraft:green_wool":7,"minecraft:wet_sponge":120,"minecraft:iron_boots":1,"minecraft:raw_gold_block":189,"minecraft:pink_wool":27,"minecraft:item_frame":6,"minecraft:glowstone":13,"minecraft:repeater":263,"minecraft:redstone_lamp":56,"minecraft:waxed_cut_copper_slab":129,"minecraft:black_stained_glass":97,"minecraft:magenta_wool":6,"minecraft:tall_grass":5,"minecraft:emerald_block":3355,"minecraft:iron_trapdoor":28,"minecraft:dark_oak_pressure_plate":1,"minecraft:deepslate_tile_stairs":75,"minecraft:gold_block":77,"minecraft:observer":92,"minecraft:calcite":23,"minecraft:light_blue_carpet":7,"minecraft:emerald_ore":3,"minecraft:amethyst_block":12,"minecraft:oak_planks":1,"minecraft:lime_wool":238,"minecraft:dark_oak_sign":5,"minecraft:mangrove_planks":171,"minecraft:mud_brick_slab":15,"minecraft:copper_block":3,"minecraft:blue_wool":1,"minecraft:waxed_oxidized_cut_copper":72,"minecraft:blackstone":1,"minecraft:sandstone":564,"minecraft:redstone_block":138,"minecraft:magenta_stained_glass":4,"minecraft:glow_ink_sac":4,"minecraft:spruce_fence_gate":82,"minecraft:waxed_copper_block":204,"minecraft:oak_leaves":243,"minecraft:white_wool":4,"minecraft:pink_concrete":1,"minecraft:polished_deepslate_slab":9,"minecraft:mangrove_trapdoor":16,"minecraft:sand":22,"minecraft:yellow_terracotta":64,"minecraft:comparator":30,"minecraft:light_blue_concrete":50,"minecraft:crafting_table":4,"minecraft:light_blue_wool":2,"minecraft:birch_sign":1,"minecraft:yellow_concrete":69,"minecraft:sponge":201,"minecraft:note_block":258,"minecraft:spruce_log":57,"minecraft:warped_planks":224,"minecraft:bat_spawn_egg":170,"minecraft:redstone_torch":15,"minecraft:deepslate_tiles":207,"minecraft:oak_log":25,"minecraft:sticky_piston":64,"minecraft:oxeye_daisy":3,"minecraft:flower_pot":2,"minecraft:lever":22,"minecraft:cornflower":94,"minecraft:light":706,"minecraft:black_concrete":296,"minecraft:black_wool":3,"minecraft:firework_rocket":8,"minecraft:warped_trapdoor":10,"minecraft:crying_obsidian":17,"minecraft:command_block":24,"minecraft:lime_carpet":31,"minecraft:stone_button":89,"minecraft:barrier":212,"minecraft:pig_spawn_egg":6,"minecraft:stone_slab":3,"minecraft:iron_door":1,"minecraft:flowering_azalea_leaves":225,"minecraft:yellow_wool":68,"minecraft:crimson_sign":27,"minecraft:green_carpet":49,"minecraft:nether_wart_block":73,"minecraft:fishing_rod":84,"minecraft:wooden_sword":52,"minecraft:cobblestone":208,"minecraft:azalea_leaves":446,"minecraft:mud_brick_wall":2,"minecraft:dark_oak_fence":337,"minecraft:waxed_oxidized_cut_copper_stairs":24,"minecraft:andesite":102,"minecraft:chain_command_block":100,"minecraft:repeating_command_block":82,"minecraft:waxed_cut_copper_stairs":29,"minecraft:warped_button":1,"minecraft:dandelion":1,"minecraft:bone_meal":1,"minecraft:cobweb":9}},"DataVersion":3120}