{"stats":{"minecraft:custom":{"minecraft:inspect_dropper":19,"minecraft:inspect_hopper":9,"minecraft:open_barrel":6,"minecraft:fill_cauldron":3,"minecraft:open_shulker_box":2,"minecraft:leave_game":74,"minecraft:time_since_death":18595,"minecraft:sprint_one_cm":6540852,"minecraft:walk_one_cm":1958843,"minecraft:drop":10879,"minecraft:play_noteblock":14,"minecraft:play_time":4548113,"minecraft:deaths":6,"minecraft:sneak_time":82755,"minecraft:walk_under_water_one_cm":15301,"minecraft:jump":22864,"minecraft:walk_on_water_one_cm":11294,"minecraft:total_world_time":3372875,"minecraft:tune_noteblock":656,"minecraft:time_since_rest":18615,"minecraft:damage_taken":195862,"minecraft:damage_dealt":9131,"minecraft:swim_one_cm":2248,"minecraft:fly_one_cm":12807070,"minecraft:open_chest":4,"minecraft:crouch_one_cm":342910,"minecraft:fall_one_cm":1290302},"minecraft:dropped":{"minecraft:water_bucket":1,"minecraft:acacia_boat":3,"minecraft:repeating_command_block":4,"minecraft:minecart":2,"minecraft:yellow_concrete":1,"minecraft:cobblestone":6,"minecraft:prismarine_shard":5473,"minecraft:barrier":1,"minecraft:golden_axe":2,"minecraft:yellow_terracotta":24,"minecraft:observer":64,"minecraft:hopper_minecart":2,"minecraft:command_block":3,"minecraft:grass_block":2,"minecraft:structure_void":2,"minecraft:gold_block":17,"minecraft:cobweb":159,"minecraft:lava_bucket":2,"minecraft:dirt":4,"minecraft:redstone_lamp":197,"minecraft:stone_button":3,"minecraft:repeater":64,"minecraft:wooden_axe":3,"minecraft:light_gray_stained_glass":1,"minecraft:black_shulker_box":1,"minecraft:sand":42,"minecraft:black_concrete":2,"minecraft:redstone_block":194,"minecraft:redstone":68,"minecraft:polished_diorite":1,"minecraft:note_block":128,"minecraft:lever":69,"minecraft:soul_torch":1,"minecraft:blaze_rod":1,"minecraft:cobbled_deepslate":1,"minecraft:andesite_slab":1,"minecraft:yellow_wool":1,"minecraft:blue_concrete":2,"minecraft:structure_block":1,"minecraft:light_gray_concrete":1,"minecraft:white_terracotta":1,"minecraft:dirt_path":1,"minecraft:oak_sign":19,"minecraft:flint_and_steel":1,"minecraft:bat_spawn_egg":3,"minecraft:sea_lantern":5,"minecraft:stone":12,"minecraft:andesite":6,"minecraft:honey_block":1,"minecraft:hopper":1,"minecraft:golden_sword":1,"minecraft:yellow_banner":61,"minecraft:redstone_torch":1,"minecraft:birch_sign":1,"minecraft:sandstone":31,"minecraft:powered_rail":1,"minecraft:chain_command_block":6,"minecraft:netherrack":1,"minecraft:black_wool":1,"minecraft:firework_rocket":9907},"minecraft:picked_up":{"minecraft:redstone_block":66,"minecraft:prismarine_shard":2933,"minecraft:redstone_lamp":71,"minecraft:structure_block":1,"minecraft:gold_block":8,"minecraft:golden_sword":1,"minecraft:flint_and_steel":1,"minecraft:oak_sign":78,"minecraft:black_shulker_box":1,"minecraft:detector_rail":5,"minecraft:comparator":1,"minecraft:redstone_torch":32,"minecraft:hopper_minecart":1,"minecraft:minecart":2,"minecraft:crimson_sign":10,"minecraft:lime_wool":1,"minecraft:sandstone":3422,"minecraft:stone":2,"minecraft:red_stained_glass_pane":3,"minecraft:torch":11862,"minecraft:note_block":65,"minecraft:crimson_button":3,"minecraft:stone_button":5,"minecraft:redstone":48,"minecraft:golden_chestplate":1,"minecraft:yellow_banner":52,"minecraft:tnt":25,"minecraft:yellow_terracotta":14,"minecraft:totem_of_undying":1,"minecraft:netherite_chestplate":1,"minecraft:blaze_rod":5,"minecraft:rail":1,"minecraft:white_wool":148,"minecraft:cobblestone":2,"minecraft:barrier":1,"minecraft:repeater":9,"minecraft:andesite":1,"minecraft:oak_log":1344,"minecraft:waxed_copper_block":1,"minecraft:bat_spawn_egg":3,"minecraft:dirt":1,"minecraft:cobweb":209,"minecraft:powered_rail":6,"minecraft:white_stained_glass_pane":3,"minecraft:yellow_concrete":5,"minecraft:lava_bucket":1,"minecraft:sand":3918,"minecraft:soul_torch":7,"minecraft:barrel":30,"minecraft:sea_lantern":4,"minecraft:firework_rocket":9627,"minecraft:black_concrete":1,"minecraft:lever":14,"minecraft:black_wool":1,"minecraft:hopper":2},"minecraft:used":{"minecraft:netherite_sword":4,"minecraft:polished_deepslate":2,"minecraft:orange_concrete":15,"minecraft:flint_and_steel":26,"minecraft:dispenser":1,"minecraft:red_concrete":51,"minecraft:redstone":286,"minecraft:carrot_on_a_stick":253,"minecraft:oak_sign":54,"minecraft:chest":5,"minecraft:white_terracotta":110,"minecraft:stone":534,"minecraft:warped_sign":5,"minecraft:player_head":9,"minecraft:structure_block":94,"minecraft:netherrack":124,"minecraft:torch":55,"minecraft:dirt":50,"minecraft:hopper":16,"minecraft:crimson_hyphae":36,"minecraft:acacia_button":1,"minecraft:blue_concrete":262,"minecraft:milk_bucket":1,"minecraft:polished_diorite":288,"minecraft:crimson_button":2,"minecraft:packed_ice":14,"minecraft:honey_block":5,"minecraft:sea_lantern":109,"minecraft:lava_bucket":872,"minecraft:light_gray_stained_glass":129,"minecraft:light_weighted_pressure_plate":8,"minecraft:grass_block":266,"minecraft:iron_block":21,"minecraft:warped_nylium":72,"minecraft:hopper_minecart":2,"minecraft:totem_of_undying":2,"minecraft:pink_wool":1,"minecraft:barrel":2,"minecraft:rabbit_stew":1,"minecraft:repeater":100,"minecraft:magma_block":15,"minecraft:redstone_lamp":89,"minecraft:lime_concrete":26,"minecraft:magenta_wool":1,"minecraft:iron_trapdoor":38,"minecraft:minecart":1,"minecraft:gold_block":28,"minecraft:cobbled_deepslate":2,"minecraft:observer":168,"minecraft:turtle_egg":123,"minecraft:crimson_stem":33,"minecraft:water_bucket":65,"minecraft:dirt_path":4,"minecraft:sandstone_stairs":1,"minecraft:dropper":45,"minecraft:powered_rail":11,"minecraft:ender_pearl":1,"minecraft:andesite_slab":3,"minecraft:sandstone":1179,"minecraft:redstone_block":17,"minecraft:structure_void":78,"minecraft:cauldron":3,"minecraft:cobblestone_slab":4,"minecraft:waxed_copper_block":1,"minecraft:white_wool":9,"minecraft:diamond_block":5,"minecraft:sand":518,"minecraft:rail":18,"minecraft:comparator":35,"minecraft:yellow_terracotta":92,"minecraft:light_blue_concrete":8,"minecraft:birch_sign":9,"minecraft:yellow_concrete":211,"minecraft:sponge":9,"minecraft:note_block":14,"minecraft:gray_concrete":48,"minecraft:nether_gold_ore":15,"minecraft:bat_spawn_egg":745,"minecraft:redstone_torch":126,"minecraft:black_terracotta":63,"minecraft:sticky_piston":24,"minecraft:piston":5,"minecraft:lever":36,"minecraft:light":4,"minecraft:black_concrete":251,"minecraft:firework_rocket":10,"minecraft:crying_obsidian":45,"minecraft:command_block":64,"minecraft:light_gray_concrete":8,"minecraft:barrier":24,"minecraft:stone_button":14,"minecraft:detector_rail":12,"minecraft:stone_slab":1,"minecraft:polished_granite":28,"minecraft:deepslate":6,"minecraft:yellow_wool":17,"minecraft:crimson_sign":5,"minecraft:fishing_rod":69,"minecraft:cobblestone":301,"minecraft:potion":1,"minecraft:andesite":324,"minecraft:andesite_stairs":1,"minecraft:sandstone_slab":5,"minecraft:chain_command_block":35,"minecraft:chain":17,"minecraft:repeating_command_block":149,"minecraft:white_concrete":55,"minecraft:warped_button":8,"minecraft:soul_torch":17,"minecraft:gray_stained_glass":12},"minecraft:killed_by":{"minecraft:player":2}},"DataVersion":3120}