{"stats":{"minecraft:dropped":{"minecraft:white_carpet":6,"minecraft:cobweb":630,"minecraft:warped_fungus":1,"minecraft:blaze_rod":32,"minecraft:andesite":1,"minecraft:prismarine_shard":506,"minecraft:purple_carpet":9,"minecraft:firework_rocket":392},"minecraft:used":{"minecraft:sculk_sensor":1,"minecraft:bedrock":1,"minecraft:firework_rocket":1,"minecraft:cobblestone":1,"minecraft:andesite":2,"minecraft:splash_potion":6},"minecraft:picked_up":{"minecraft:firework_rocket":280,"minecraft:purple_carpet":9,"minecraft:white_carpet":32,"minecraft:prismarine_shard":87,"minecraft:light_blue_carpet":64,"minecraft:cobweb":91,"minecraft:blaze_rod":106},"minecraft:custom":{"minecraft:time_since_rest":422303,"minecraft:play_time":422303,"minecraft:crouch_one_cm":8283,"minecraft:sprint_one_cm":1671708,"minecraft:damage_taken":8609,"minecraft:walk_one_cm":416741,"minecraft:sneak_time":3450,"minecraft:pot_flower":26,"minecraft:drop":1447,"minecraft:jump":10831,"minecraft:damage_dealt":9273,"minecraft:leave_game":25,"minecraft:time_since_death":422303,"minecraft:total_world_time":422303,"minecraft:fall_one_cm":1116818,"minecraft:fly_one_cm":4054308}},"DataVersion":3120}