{"stats":{"minecraft:custom":{"minecraft:jump":333,"minecraft:time_since_rest":11867,"minecraft:damage_dealt":232,"minecraft:crouch_one_cm":423,"minecraft:leave_game":1,"minecraft:sprint_one_cm":57768,"minecraft:play_time":11867,"minecraft:damage_taken":571,"minecraft:time_since_death":11867,"minecraft:walk_one_cm":14289,"minecraft:sneak_time":133,"minecraft:total_world_time":11867,"minecraft:fall_one_cm":39537,"minecraft:fly_one_cm":110920},"minecraft:picked_up":{"minecraft:blaze_rod":3}},"DataVersion":3120}