{"stats":{"minecraft:custom":{"minecraft:jump":123,"minecraft:time_since_rest":48033,"minecraft:damage_dealt":502,"minecraft:crouch_one_cm":227,"minecraft:leave_game":1,"minecraft:sprint_one_cm":13656,"minecraft:play_time":48033,"minecraft:damage_taken":890,"minecraft:time_since_death":48033,"minecraft:walk_one_cm":5545,"minecraft:sneak_time":92,"minecraft:total_world_time":48033,"minecraft:fall_one_cm":48709,"minecraft:fly_one_cm":32876},"minecraft:picked_up":{"minecraft:blaze_rod":1}},"DataVersion":3120}