{"stats":{"minecraft:custom":{"minecraft:jump":362,"minecraft:time_since_rest":10294,"minecraft:leave_game":1,"minecraft:damage_dealt":158,"minecraft:crouch_one_cm":580,"minecraft:sprint_one_cm":56167,"minecraft:play_time":10294,"minecraft:damage_taken":281,"minecraft:time_since_death":10294,"minecraft:walk_one_cm":11891,"minecraft:sneak_time":197,"minecraft:total_world_time":10294,"minecraft:drop":11,"minecraft:fall_one_cm":41002,"minecraft:fly_one_cm":121144},"minecraft:dropped":{"minecraft:cobweb":2,"minecraft:prismarine_shard":3,"minecraft:firework_rocket":11},"minecraft:picked_up":{"minecraft:cobweb":2,"minecraft:firework_rocket":13,"minecraft:prismarine_shard":3,"minecraft:blaze_rod":1}},"DataVersion":3120}