{"stats":{"minecraft:custom":{"minecraft:jump":499,"minecraft:time_since_rest":14072,"minecraft:leave_game":1,"minecraft:damage_dealt":85,"minecraft:crouch_one_cm":241,"minecraft:damage_taken":152,"minecraft:sprint_one_cm":70623,"minecraft:play_time":14072,"minecraft:time_since_death":14072,"minecraft:walk_one_cm":22117,"minecraft:sneak_time":49,"minecraft:total_world_time":14072,"minecraft:drop":11,"minecraft:fall_one_cm":31059,"minecraft:fly_one_cm":153098},"minecraft:picked_up":{"minecraft:cobweb":1,"minecraft:firework_rocket":10,"minecraft:prismarine_shard":5},"minecraft:dropped":{"minecraft:cobweb":1,"minecraft:prismarine_shard":4,"minecraft:firework_rocket":9}},"DataVersion":2865}