{"stats":{"minecraft:dropped":{"minecraft:prismarine_shard":361,"minecraft:firework_rocket":59},"minecraft:custom":{"minecraft:jump":89,"minecraft:time_since_rest":754914,"minecraft:damage_taken":1401,"minecraft:damage_dealt":389,"minecraft:crouch_one_cm":1337,"minecraft:leave_game":37,"minecraft:sprint_one_cm":68370,"minecraft:play_time":754914,"minecraft:time_since_death":754914,"minecraft:walk_one_cm":64848,"minecraft:sneak_time":510,"minecraft:total_world_time":725481,"minecraft:drop":122,"minecraft:fall_one_cm":6347,"minecraft:fly_one_cm":46768},"minecraft:picked_up":{"minecraft:cobweb":72,"minecraft:firework_rocket":60,"minecraft:prismarine_shard":372}},"DataVersion":2865}