{"stats":{"minecraft:custom":{"minecraft:jump":297,"minecraft:time_since_rest":9513,"minecraft:leave_game":1,"minecraft:damage_dealt":537,"minecraft:crouch_one_cm":154,"minecraft:sprint_one_cm":42260,"minecraft:play_time":9513,"minecraft:damage_taken":518,"minecraft:time_since_death":9513,"minecraft:walk_one_cm":11959,"minecraft:sneak_time":27,"minecraft:total_world_time":9513,"minecraft:drop":6,"minecraft:fall_one_cm":28409,"minecraft:fly_one_cm":92173},"minecraft:dropped":{"minecraft:cobweb":3,"minecraft:prismarine_shard":1,"minecraft:firework_rocket":2},"minecraft:picked_up":{"minecraft:cobweb":3,"minecraft:firework_rocket":2,"minecraft:prismarine_shard":1,"minecraft:blaze_rod":3}},"DataVersion":3120}