{"stats":{"minecraft:custom":{"minecraft:jump":410,"minecraft:time_since_rest":10462,"minecraft:damage_dealt":376,"minecraft:crouch_one_cm":191,"minecraft:leave_game":2,"minecraft:sprint_one_cm":64692,"minecraft:play_time":10462,"minecraft:damage_taken":374,"minecraft:time_since_death":10462,"minecraft:walk_one_cm":14744,"minecraft:sneak_time":72,"minecraft:total_world_time":10462,"minecraft:drop":4,"minecraft:fall_one_cm":23509,"minecraft:fly_one_cm":121697},"minecraft:picked_up":{"minecraft:firework_rocket":2,"minecraft:cobweb":1,"minecraft:prismarine_shard":1},"minecraft:dropped":{"minecraft:cobweb":1,"minecraft:prismarine_shard":1,"minecraft:firework_rocket":2}},"DataVersion":2865}