{"stats":{"minecraft:dropped":{"minecraft:cobweb":29,"minecraft:prismarine_shard":17,"minecraft:firework_rocket":24},"minecraft:picked_up":{"minecraft:wooden_sword":3,"minecraft:firework_rocket":24,"minecraft:prismarine_shard":17,"minecraft:cobweb":29,"minecraft:blaze_rod":9},"minecraft:used":{"minecraft:packed_ice":12,"minecraft:wooden_sword":3,"minecraft:fishing_rod":3,"minecraft:black_concrete":4,"minecraft:lapis_block":4,"minecraft:sandstone":13,"minecraft:stone":44},"minecraft:broken":{"minecraft:wooden_sword":3},"minecraft:custom":{"minecraft:time_since_rest":148598,"minecraft:crouch_one_cm":2615,"minecraft:sprint_one_cm":817878,"minecraft:play_time":148598,"minecraft:damage_taken":7792,"minecraft:walk_one_cm":170336,"minecraft:sneak_time":1356,"minecraft:drop":70,"minecraft:jump":4906,"minecraft:damage_dealt":5865,"minecraft:leave_game":3,"minecraft:time_since_death":148598,"minecraft:total_world_time":148598,"minecraft:fall_one_cm":445500,"minecraft:tune_noteblock":1,"minecraft:fly_one_cm":1777393}},"DataVersion":3120}