{"stats":{"minecraft:custom":{"minecraft:jump":489,"minecraft:time_since_rest":16938,"minecraft:damage_taken":255,"minecraft:damage_dealt":97,"minecraft:crouch_one_cm":283,"minecraft:leave_game":3,"minecraft:sprint_one_cm":90943,"minecraft:play_time":19388,"minecraft:walk_one_cm":16381,"minecraft:time_since_death":16921,"minecraft:deaths":1,"minecraft:sneak_time":47,"minecraft:total_world_time":19388,"minecraft:drop":4,"minecraft:fall_one_cm":45290,"minecraft:fly_one_cm":176407},"minecraft:picked_up":{"minecraft:cobweb":1,"minecraft:prismarine_shard":3,"minecraft:blaze_rod":1},"minecraft:killed_by":{"minecraft:player":1},"minecraft:dropped":{"minecraft:cobweb":1,"minecraft:prismarine_shard":3}},"DataVersion":3120}