{"stats":{"minecraft:picked_up":{"minecraft:firework_rocket":25,"minecraft:prismarine_shard":2,"minecraft:oak_boat":1,"minecraft:cobweb":3,"minecraft:blaze_rod":1},"minecraft:custom":{"minecraft:time_since_rest":67581,"minecraft:crouch_one_cm":358,"minecraft:sprint_one_cm":149999,"minecraft:play_time":67581,"minecraft:damage_taken":1092,"minecraft:walk_one_cm":40478,"minecraft:sneak_time":533,"minecraft:drop":29,"minecraft:boat_one_cm":53534,"minecraft:jump":1642,"minecraft:damage_dealt":1712,"minecraft:leave_game":16,"minecraft:time_since_death":67541,"minecraft:total_world_time":67581,"minecraft:fall_one_cm":137027,"minecraft:fly_one_cm":379315},"minecraft:used":{"minecraft:oak_boat":1},"minecraft:dropped":{"minecraft:cobweb":2,"minecraft:prismarine_shard":2,"minecraft:firework_rocket":25}},"DataVersion":3120}