{"stats":{"minecraft:picked_up":{"minecraft:cobweb":6,"minecraft:firework_rocket":3,"minecraft:prismarine_shard":5,"minecraft:blaze_rod":9},"minecraft:custom":{"minecraft:jump":1002,"minecraft:time_since_rest":31846,"minecraft:damage_taken":284,"minecraft:damage_dealt":320,"minecraft:play_time":31846,"minecraft:leave_game":2,"minecraft:sprint_one_cm":176961,"minecraft:time_since_death":31846,"minecraft:walk_one_cm":21246,"minecraft:total_world_time":31846,"minecraft:drop":13,"minecraft:fall_one_cm":120548,"minecraft:fly_one_cm":341784},"minecraft:dropped":{"minecraft:blaze_rod":1,"minecraft:cobweb":5,"minecraft:prismarine_shard":5,"minecraft:firework_rocket":2}},"DataVersion":3120}