{"stats":{"minecraft:custom":{"minecraft:jump":503,"minecraft:time_since_rest":15899,"minecraft:damage_dealt":1221,"minecraft:crouch_one_cm":487,"minecraft:leave_game":5,"minecraft:sprint_one_cm":74598,"minecraft:play_time":15899,"minecraft:damage_taken":1189,"minecraft:time_since_death":15899,"minecraft:walk_one_cm":18209,"minecraft:sneak_time":743,"minecraft:total_world_time":15899,"minecraft:drop":3,"minecraft:fall_one_cm":29206,"minecraft:fly_one_cm":121477},"minecraft:picked_up":{"minecraft:cobweb":1,"minecraft:yellow_terracotta":1,"minecraft:prismarine_shard":2},"minecraft:dropped":{"minecraft:cobweb":1,"minecraft:prismarine_shard":2}},"DataVersion":2865}