{"stats":{"minecraft:picked_up":{"minecraft:cobweb":2,"minecraft:firework_rocket":1,"minecraft:prismarine_shard":1,"minecraft:blaze_rod":2},"minecraft:dropped":{"minecraft:cobweb":2,"minecraft:prismarine_shard":1,"minecraft:firework_rocket":1},"minecraft:custom":{"minecraft:jump":674,"minecraft:time_since_rest":21487,"minecraft:damage_taken":238,"minecraft:damage_dealt":158,"minecraft:crouch_one_cm":2724,"minecraft:leave_game":8,"minecraft:sprint_one_cm":93018,"minecraft:play_time":21487,"minecraft:time_since_death":21487,"minecraft:walk_one_cm":16342,"minecraft:sneak_time":591,"minecraft:total_world_time":21487,"minecraft:drop":4,"minecraft:fall_one_cm":45369,"minecraft:fly_one_cm":462739}},"DataVersion":3120}