{
  "minecraft:recipes/decorations/yellow_glazed_terracotta": {
    "criteria": {
      "has_yellow_terracotta": "2022-09-17 12:42:54 +0200"
    },
    "done": true
  },
  "minecraft:nether/obtain_blaze_rod": {
    "criteria": {
      "blaze_rod": "2022-09-17 12:43:15 +0200"
    },
    "done": true
  },
  "minecraft:recipes/building_blocks/prismarine": {
    "criteria": {
      "has_prismarine_shard": "2022-09-17 12:44:57 +0200"
    },
    "done": true
  },
  "minecraft:recipes/building_blocks/prismarine_bricks": {
    "criteria": {
      "has_prismarine_shard": "2022-09-17 12:44:57 +0200"
    },
    "done": true
  },
  "minecraft:recipes/brewing/blaze_powder": {
    "criteria": {
      "has_blaze_rod": "2022-09-17 12:43:15 +0200"
    },
    "done": true
  },
  "minecraft:recipes/brewing/brewing_stand": {
    "criteria": {
      "has_blaze_rod": "2022-09-17 12:43:15 +0200"
    },
    "done": true
  },
  "minecraft:adventure/adventuring_time": {
    "criteria": {
      "minecraft:beach": "2022-09-17 12:41:40 +0200",
      "minecraft:desert": "2022-09-17 12:53:28 +0200"
    },
    "done": false
  },
  "minecraft:recipes/building_blocks/dark_prismarine": {
    "criteria": {
      "has_prismarine_shard": "2022-09-17 12:44:57 +0200"
    },
    "done": true
  },
  "DataVersion": 3120
}